Video ID,Playlist video creation timestamp
iOJUJpxRgC8,2023-05-22T07:55:09+00:00
nYQ4Prpy_nA,2023-05-22T07:55:09+00:00
6ExsuN5Sxho,2023-05-22T07:55:09+00:00
wcW0rCh9Org,2023-05-22T07:55:09+00:00
RuxvzpFBCZ0,2023-05-22T07:55:09+00:00
1WPdmlsI37g,2023-05-22T07:55:09+00:00
nEdi3BPOyEc,2023-05-22T07:55:09+00:00
nWcqrR4OJ6M,2023-05-22T07:55:43+00:00
 -KAEc25R9BA,2023-05-22T07:56:29+00:00
AIy42_-IO_U,2023-05-29T20:18:08+00:00
nDXmvTsDP_I,2023-06-02T17:19:59+00:00
j1gZmzbqLvk,2023-11-12T08:26:09+00:00
6CxNx8t87k4,2023-11-12T08:26:18+00:00
NEQbcif4-aY,2023-11-12T08:26:45+00:00





